"","urban","weight","women","age","indigenous","enrolled","public_school","educ_level","active","occupied","informal","labor_income","hours","post","treatment","year"
"1",1,220,1,17,0,1,1,"Diversificado",0,0,0,0,0,0,0,2018
"2",1,351,1,17,0,1,1,"Diversificado",0,0,0,0,0,0,0,2018
"3",1,443,0,17,0,1,0,"Diversificado",1,1,1,1300,42,0,0,2018
"4",1,233,0,17,0,1,1,"Diversificado",0,0,0,0,0,0,0,2018
"5",1,233,0,17,0,1,0,"Diversificado",0,0,0,0,0,0,0,2018
"6",1,241,1,17,0,1,0,"Diversificado",0,0,0,0,0,0,0,2018
"7",1,241,0,17,0,1,0,"Diversificado",0,0,0,0,0,0,0,2018
"8",1,241,0,17,0,1,1,"Diversificado",1,1,1,1200,15,0,0,2018
"9",1,358,1,17,0,1,1,"Diversificado",0,0,0,0,0,0,0,2018
"10",1,227,1,17,0,1,0,"Diversificado",0,0,0,0,0,0,0,2018
"11",1,227,1,17,0,1,0,"Diversificado",0,0,0,0,0,0,0,2018
"12",1,227,1,17,0,1,0,"Diversificado",0,0,0,0,0,0,0,2018
"13",1,379,1,17,0,1,0,"Diversificado",0,0,0,0,0,0,0,2018
"14",1,280,1,17,0,1,1,"Diversificado",0,0,0,0,0,0,0,2018
"15",1,630,0,17,0,1,1,"Diversificado",0,0,0,0,0,0,0,2018
"16",1,357,0,17,0,1,0,"Diversificado",1,1,1,1000,25,0,0,2018
"17",1,357,1,17,0,1,0,"Diversificado",1,1,0,1500,63,0,0,2018
"18",1,386,1,17,0,1,0,"Diversificado",0,0,0,0,0,0,0,2018
"19",1,308,1,17,0,1,0,"Diversificado",0,0,0,0,0,0,0,2018
"20",1,240,0,17,0,1,1,"Diversificado",0,0,0,0,0,0,0,2018
"21",1,367,1,17,0,1,1,"Diversificado",0,0,0,0,0,0,0,2018
"22",1,317,1,17,0,1,1,"Diversificado",1,0,0,0,0,0,0,2018
"23",1,326,1,17,0,1,1,"Diversificado",0,0,0,0,0,0,0,2018
"24",1,190,0,17,0,1,0,"Diversificado",1,1,1,1200,16,0,0,2018
"25",0,967,0,17,0,1,1,"Diversificado",0,0,0,0,0,0,0,2018
"26",0,967,0,17,0,1,0,"Diversificado",0,0,0,0,0,0,0,2018
"27",1,283,0,17,0,1,0,"Diversificado",0,0,0,0,0,0,0,2018
"28",1,283,0,17,0,1,1,"Diversificado",0,0,0,0,0,0,0,2018
"29",1,3447,1,17,0,1,0,"Diversificado",1,1,1,500,36,0,0,2018
"30",1,3447,1,17,0,1,0,"Diversificado",0,0,0,0,0,0,0,2018
"31",1,569,0,17,0,1,0,"Diversificado",0,0,0,0,0,0,0,2018
"32",1,748,1,17,0,1,0,"Diversificado",0,0,0,0,0,0,0,2018
"33",1,384,0,17,0,1,0,"Diversificado",0,0,0,0,0,0,0,2018
"34",1,427,1,17,0,1,0,"Diversificado",0,0,0,0,0,0,0,2018
"35",1,427,0,17,0,1,0,"Diversificado",0,0,0,0,0,0,0,2018
"36",1,731,0,17,1,1,0,"Diversificado",0,0,0,0,0,0,0,2018
"37",1,731,1,17,0,1,1,"Diversificado",1,1,1,800,60,0,0,2018
"38",0,792,0,17,1,1,1,"Diversificado",1,1,1,3500,48,0,0,2018
"39",1,284,1,17,0,1,0,"Diversificado",0,0,0,0,0,0,0,2018
"40",1,324,0,17,0,1,0,"Diversificado",1,1,1,2000,44,0,0,2018
"41",1,279,1,17,0,1,1,"Diversificado",1,1,1,1000,42,0,0,2018
"42",1,265,1,17,0,1,1,"Diversificado",0,0,0,0,0,0,0,2018
"43",1,265,1,17,0,1,1,"Diversificado",0,0,0,0,0,0,0,2018
"44",1,289,0,17,0,1,1,"Diversificado",0,0,0,0,0,0,0,2018
"45",1,289,0,17,0,1,0,"Diversificado",0,0,0,0,0,0,0,2018
"46",1,436,1,17,0,1,0,"Diversificado",0,0,0,0,0,0,0,2018
"47",1,213,1,17,0,1,0,"Diversificado",0,0,0,0,0,0,0,2018
"48",1,1233,0,17,0,1,1,"Diversificado",0,0,0,0,0,0,0,2018
"49",1,244,1,17,0,1,0,"Diversificado",0,0,0,0,0,0,0,2018
"50",1,1113,1,17,0,1,1,"Diversificado",0,0,0,0,0,0,0,2018
"51",1,518,1,17,0,1,1,"Diversificado",0,0,0,0,0,0,0,2018
"52",1,518,0,17,0,1,1,"Diversificado",1,1,0,1800,60,0,0,2018
"53",1,469,0,17,0,1,0,"Diversificado",0,0,0,0,0,0,0,2018
"54",1,423,0,17,0,1,0,"Diversificado",0,0,0,0,0,0,0,2018
"55",1,235,0,17,0,1,1,"Diversificado",0,0,0,0,0,0,0,2018
"56",1,321,0,17,0,1,1,"Diversificado",0,0,0,0,0,0,0,2018
"57",1,321,1,17,0,1,1,"Diversificado",0,0,0,0,0,0,0,2018
"58",1,476,0,17,0,1,1,"Diversificado",0,0,0,0,0,0,0,2018
"59",1,529,1,17,0,1,1,"Diversificado",1,1,0,800,19,0,0,2018
"60",1,439,1,17,0,1,1,"Diversificado",0,0,0,0,0,0,0,2018
"61",1,531,0,17,0,1,1,"Diversificado",0,0,0,0,0,0,0,2018
"62",1,531,0,17,0,1,1,"Diversificado",0,0,0,0,0,0,0,2018
"63",1,531,1,17,1,1,0,"Diversificado",1,1,1,0,56,0,0,2018
"64",1,596,0,17,0,1,1,"Diversificado",0,0,0,0,0,0,0,2018
"65",1,596,1,17,0,1,1,"Diversificado",0,0,0,0,0,0,0,2018
"66",0,819,0,17,0,1,1,"Diversificado",1,1,1,1200,66,0,0,2018
"67",0,819,1,17,0,1,1,"Diversificado",0,0,0,0,0,0,0,2018
"68",0,1844,0,17,0,1,1,"Diversificado",1,1,1,0,5,0,0,2018
"69",0,1844,0,17,0,1,0,"Diversificado",0,0,0,0,0,0,0,2018
"70",1,507,1,17,0,1,1,"Diversificado",0,0,0,0,0,0,0,2018
"71",1,839,0,17,0,1,0,"Diversificado",1,1,1,1000,51,0,0,2018
"72",1,475,0,17,1,1,0,"Diversificado",1,1,1,0,24,0,0,2018
"73",1,600,1,17,1,1,0,"Diversificado",0,0,0,0,0,0,0,2018
"74",0,1224,0,17,0,1,0,"Diversificado",1,1,1,0,48,0,0,2018
"75",0,2003,1,17,1,1,1,"Diversificado",1,1,0,1200,60,0,0,2018
"76",0,587,1,17,0,1,1,"Diversificado",0,0,0,0,0,0,0,2018
"77",1,365,0,17,0,1,0,"Diversificado",0,0,0,0,0,0,0,2018
"78",0,1226,1,17,0,1,0,"Diversificado",0,0,0,0,0,0,0,2018
"79",1,603,0,17,0,1,0,"Diversificado",0,0,0,0,0,0,0,2018
"80",1,603,0,17,0,1,0,"Diversificado",0,0,0,0,0,0,0,2018
"81",1,446,1,17,0,1,0,"Diversificado",0,0,0,0,0,0,0,2018
"82",0,890,1,17,0,1,1,"Diversificado",0,0,0,0,0,0,0,2018
"83",0,890,0,17,0,1,0,"Diversificado",0,0,0,0,0,0,0,2018
"84",1,518,1,17,0,1,1,"Diversificado",0,0,0,0,0,0,0,2018
"85",1,634,1,17,0,1,0,"Diversificado",0,0,0,0,0,0,0,2018
"86",1,543,1,17,0,1,1,"Diversificado",0,0,0,0,0,0,0,2018
"87",0,870,1,17,0,1,0,"Diversificado",0,0,0,0,0,0,0,2018
"88",1,501,1,17,0,1,0,"Diversificado",1,1,1,0,15,0,0,2018
"89",1,930,1,17,0,1,1,"Diversificado",0,0,0,0,0,0,0,2018
"90",1,384,1,17,1,1,0,"Diversificado",0,0,0,0,0,0,0,2018
"91",0,1554,0,17,1,1,1,"Diversificado",1,1,1,0,14,0,0,2018
"92",1,1172,0,17,0,1,0,"Diversificado",0,0,0,0,0,0,0,2018
"93",0,774,1,17,0,1,1,"Diversificado",1,1,1,0,14,0,0,2018
"94",1,666,0,17,0,1,1,"Diversificado",0,0,0,0,0,0,0,2018
"95",1,666,1,17,0,1,1,"Diversificado",1,1,1,1000,48,0,0,2018
"96",1,631,1,17,0,1,0,"Diversificado",0,0,0,0,0,0,0,2018
"97",1,1338,1,17,0,1,1,"Diversificado",0,0,0,0,0,0,0,2018
"98",1,1338,0,17,0,1,0,"Diversificado",0,0,0,0,0,0,0,2018
"99",0,1105,1,17,0,1,1,"Diversificado",0,0,0,0,0,0,0,2018
"100",1,1530,1,17,0,1,1,"Diversificado",0,0,0,0,0,0,0,2018
"101",1,818,1,17,0,1,1,"Diversificado",0,0,0,0,0,0,0,2018
"102",1,818,0,17,0,1,0,"Diversificado",0,0,0,0,0,0,0,2018
"103",1,818,0,17,0,1,1,"Diversificado",0,0,0,0,0,0,0,2018
"104",1,744,1,17,0,1,0,"Diversificado",0,0,0,0,0,0,0,2018
"105",1,1002,1,17,0,1,1,"Diversificado",0,0,0,0,0,0,0,2018
"106",0,900,1,17,0,1,1,"Diversificado",0,0,0,0,0,0,0,2018
"107",1,537,1,17,0,1,0,"Diversificado",0,0,0,0,0,0,0,2018
"108",1,537,1,17,0,1,0,"Diversificado",0,0,0,0,0,0,0,2018
"109",0,616,0,17,0,1,1,"Diversificado",0,0,0,0,0,0,0,2018
"110",0,957,0,17,0,1,0,"Diversificado",0,0,0,0,0,0,0,2018
"111",1,680,0,17,0,1,0,"Diversificado",1,1,1,480,48,0,0,2018
"112",0,1371,0,17,0,1,0,"Diversificado",1,1,1,0,25,0,0,2018
"113",1,921,1,17,0,1,1,"Diversificado",0,0,0,0,0,0,0,2018
"114",1,921,0,17,0,1,0,"Diversificado",0,0,0,0,0,0,0,2018
"115",1,718,0,17,0,1,0,"Diversificado",0,0,0,0,0,0,0,2018
"116",1,652,1,17,0,1,1,"Diversificado",0,0,0,0,0,0,0,2018
"117",0,1447,0,17,1,1,0,"Diversificado",1,1,1,0,60,0,0,2018
"118",0,1027,1,17,0,1,0,"Diversificado",0,0,0,0,0,0,0,2018
"119",0,1136,0,17,1,1,1,"Diversificado",1,1,1,0,42,0,0,2018
"120",1,1480,1,17,0,1,0,"Diversificado",0,0,0,0,0,0,0,2018
"121",1,471,0,17,0,1,0,"Diversificado",0,0,0,0,0,0,0,2018
"122",0,1242,1,17,1,1,0,"Diversificado",0,0,0,0,0,0,0,2018
"123",1,549,0,17,1,1,0,"Diversificado",0,0,0,0,0,0,0,2018
"124",1,545,1,17,1,1,1,"Diversificado",0,0,0,0,0,0,0,2018
"125",1,545,1,17,1,1,1,"Diversificado",0,0,0,0,0,0,0,2018
"126",1,545,1,17,1,1,0,"Diversificado",0,0,0,0,0,0,0,2018
"127",1,729,1,17,1,1,0,"Diversificado",0,0,0,0,0,0,0,2018
"128",1,729,1,17,1,1,1,"Diversificado",0,0,0,0,0,0,0,2018
"129",1,455,1,17,0,1,1,"Diversificado",0,0,0,0,0,0,0,2018
"130",1,455,0,17,0,1,0,"Diversificado",0,0,0,0,0,0,0,2018
"131",1,560,1,17,0,1,0,"Diversificado",0,0,0,0,0,0,0,2018
"132",1,658,0,17,0,1,1,"Diversificado",0,0,0,0,0,0,0,2018
"133",0,1130,1,17,0,1,0,"Diversificado",0,0,0,0,0,0,0,2018
"134",1,1211,0,17,0,1,0,"Diversificado",1,1,0,600,12,0,0,2018
"135",1,432,0,17,0,1,1,"Diversificado",0,0,0,0,0,0,0,2018
"136",1,432,0,17,0,1,0,"Diversificado",0,0,0,0,0,0,0,2018
"137",0,1227,1,17,0,1,1,"Diversificado",0,0,0,0,0,0,0,2018
"138",1,729,0,17,1,1,0,"Diversificado",1,1,1,1500,40,0,0,2018
"139",0,1206,1,17,0,1,0,"Diversificado",0,0,0,0,0,0,0,2018
"140",1,1206,0,17,0,1,1,"Diversificado",0,0,0,0,0,0,0,2018
"141",1,851,1,17,0,1,0,"Diversificado",0,0,0,0,0,0,0,2018
"142",1,377,0,17,0,1,1,"Diversificado",0,0,0,0,0,0,0,2018
"143",1,377,1,17,0,1,0,"Diversificado",0,0,0,0,0,0,0,2018
"144",1,1103,0,17,0,1,0,"Diversificado",0,0,0,0,0,0,0,2018
"145",1,1103,1,17,0,1,0,"Diversificado",0,0,0,0,0,0,0,2018
"146",1,1103,0,17,0,1,1,"Diversificado",1,1,1,1000,40,0,0,2018
"147",0,728,1,17,0,1,0,"Diversificado",0,0,0,0,0,0,0,2018
"148",0,1059,1,17,0,1,0,"Diversificado",0,0,0,0,0,0,0,2018
