"","urban","weight","woman","age","indigenous","educ_level","hours","pea","occupied","informal","income","post","treatment","year"
"1",1,389,1,20,0,"Diversificado",0,0,0,0,0,1,1,2022
"2",1,586,1,20,0,"Superior",40,1,0,0,3000,1,1,2022
"3",1,955,1,20,0,"Diversificado",0,0,0,0,0,1,1,2022
"4",1,664,1,20,0,"Diversificado",20,1,0,1,0,1,1,2022
"5",1,664,1,20,0,"Diversificado",45,1,0,0,3900,1,1,2022
"6",1,474,1,20,0,"Diversificado",40,1,0,0,4500,1,1,2022
"7",1,669,1,20,0,"Diversificado",40,1,0,0,2300,1,1,2022
"8",1,502,0,20,0,"Diversificado",0,0,0,0,0,1,1,2022
"9",1,397,1,20,0,"Diversificado",45,1,0,1,0,1,1,2022
"10",1,940,0,20,0,"Diversificado",48,1,0,1,0,1,1,2022
"11",1,940,0,20,0,"Superior",0,0,0,0,0,1,1,2022
"12",1,436,1,20,0,"Diversificado",40,1,0,1,2000,1,1,2022
"13",1,436,1,20,0,"Superior",20,1,0,0,0,1,1,2022
"14",1,615,0,20,0,"Diversificado",0,0,0,0,0,1,1,2022
"15",1,389,0,20,0,"Diversificado",48,1,0,1,2500,1,1,2022
"16",1,389,0,20,0,"Diversificado",0,0,0,0,0,1,1,2022
"17",1,389,0,20,0,"Diversificado",0,0,0,0,0,1,1,2022
"18",1,447,0,20,0,"Diversificado",0,0,0,0,0,1,1,2022
"19",1,792,0,20,0,"Diversificado",48,1,0,0,2200,1,1,2022
"20",1,792,1,20,0,"Diversificado",0,0,0,0,0,1,1,2022
"21",1,737,1,20,0,"Diversificado",0,0,0,0,0,1,1,2022
"22",1,634,0,20,0,"Diversificado",0,0,0,0,0,1,1,2022
"23",1,474,0,20,0,"Diversificado",48,1,0,0,2800,1,1,2022
"24",1,474,0,20,0,"Diversificado",44,1,0,0,3209,1,1,2022
"25",1,274,0,20,0,"Diversificado",0,0,0,0,0,1,1,2022
"26",1,504,1,20,0,"Superior",0,0,0,0,0,1,1,2022
"27",1,504,0,20,0,"Diversificado",40,1,0,1,3128,1,1,2022
"28",1,340,1,20,0,"Superior",0,1,0,0,0,1,1,2022
"29",1,654,1,20,0,"Diversificado",0,1,0,0,0,1,1,2022
"30",1,297,0,20,0,"Diversificado",50,1,0,1,0,1,1,2022
"31",1,434,0,20,0,"Diversificado",5,1,0,1,800,1,1,2022
"32",1,315,0,20,0,"Diversificado",0,0,0,0,0,1,1,2022
"33",1,389,1,20,0,"Diversificado",48,1,0,0,3500,1,1,2022
"34",1,264,0,20,0,"Diversificado",40,1,0,0,3000,1,1,2022
"35",1,668,0,20,0,"Superior",0,0,0,0,0,1,1,2022
"36",1,668,1,20,0,"Diversificado",0,1,0,0,0,1,1,2022
"37",1,447,1,20,0,"Diversificado",0,0,0,0,0,1,1,2022
"38",1,723,1,20,0,"Diversificado",40,1,0,0,3200,1,1,2022
"39",1,628,1,20,0,"Superior",48,1,0,0,3000,1,1,2022
"40",1,651,0,20,0,"Superior",0,1,0,0,0,1,1,2022
"41",1,651,1,20,0,"Diversificado",0,0,0,0,0,1,1,2022
"42",1,521,1,20,0,"Diversificado",0,0,0,0,0,1,1,2022
"43",1,521,0,20,0,"Diversificado",9,1,0,0,3400,1,1,2022
"44",1,471,0,20,0,"Superior",0,0,0,0,0,1,1,2022
"45",1,471,1,20,0,"Diversificado",0,0,0,0,0,1,1,2022
"46",1,483,1,20,0,"Diversificado",0,0,0,0,0,1,1,2022
"47",1,586,1,20,0,"Diversificado",40,1,0,0,4200,1,1,2022
"48",0,1462,0,20,0,"Diversificado",40,1,0,1,0,1,1,2022
"49",1,380,1,20,1,"Diversificado",50,1,0,0,1800,1,1,2022
"50",1,482,1,20,0,"Diversificado",40,1,0,1,3700,1,1,2022
"51",0,873,0,20,0,"Diversificado",35,1,0,0,3000,1,1,2022
"52",0,1181,0,20,0,"Diversificado",44,1,0,0,3500,1,1,2022
"53",1,245,1,20,1,"Diversificado",0,0,0,0,0,1,1,2022
"54",1,961,1,20,1,"Diversificado",48,1,0,0,3209,1,1,2022
"55",1,399,1,20,0,"Diversificado",84,1,0,0,2700,1,1,2022
"56",1,359,0,20,0,"Diversificado",0,0,0,0,0,1,1,2022
"57",1,359,1,20,0,"Superior",54,1,0,0,3300,1,1,2022
"58",0,1580,1,20,0,"Diversificado",30,1,0,0,2400,1,1,2022
"59",1,337,0,20,0,"Diversificado",60,1,0,0,2000,1,1,2022
"60",1,337,1,20,1,"Superior",42,1,0,0,0,1,1,2022
"61",1,447,0,20,0,"Diversificado",48,1,0,1,0,1,1,2022
"62",1,881,1,20,0,"Superior",61,1,0,0,2900,1,1,2022
"63",1,350,1,20,0,"Superior",0,1,0,0,0,1,1,2022
"64",1,350,1,20,0,"Diversificado",0,0,0,0,0,1,1,2022
"65",1,600,1,20,0,"Diversificado",30,1,0,1,0,1,1,2022
"66",1,501,0,20,0,"Diversificado",40,1,0,0,3187.5,1,1,2022
"67",1,501,0,20,0,"Diversificado",30,1,0,0,3200,1,1,2022
"68",1,448,1,20,0,"Diversificado",0,1,0,0,0,1,1,2022
"69",0,1863,0,20,0,"Diversificado",0,0,0,0,0,1,1,2022
"70",1,316,0,20,0,"Diversificado",0,1,0,0,0,1,1,2022
"71",1,578,0,20,0,"Diversificado",0,1,0,0,0,1,1,2022
"72",1,431,0,20,0,"Diversificado",12,1,0,1,0,1,1,2022
"73",1,431,1,20,0,"Diversificado",15,1,0,1,0,1,1,2022
"74",1,431,1,20,0,"Diversificado",40,1,0,0,3475,1,1,2022
"75",1,478,0,20,0,"Diversificado",50,1,0,1,2000,1,1,2022
"76",1,630,1,20,0,"Diversificado",10,1,0,1,3200,1,1,2022
"77",0,1387,1,20,0,"Diversificado",0,1,0,0,0,1,1,2022
"78",1,397,0,20,0,"Diversificado",54,1,0,0,4000,1,1,2022
"79",1,661,0,20,0,"Diversificado",47,1,0,0,3500,1,1,2022
"80",1,560,1,20,0,"Diversificado",0,0,0,0,0,1,1,2022
"81",1,583,1,20,0,"Diversificado",0,0,0,0,0,1,1,2022
"82",1,787,0,20,0,"Diversificado",0,0,0,0,0,1,1,2022
"83",1,787,0,20,0,"Superior",0,0,0,0,0,1,1,2022
"84",1,1061,0,20,0,"Diversificado",40,1,0,1,3000,1,1,2022
"85",1,637,0,20,0,"Superior",40,1,0,0,4400,1,1,2022
"86",0,1299,1,20,0,"Diversificado",8,1,0,1,0,1,1,2022
"87",1,638,1,20,1,"Diversificado",20,1,0,1,0,1,1,2022
"88",1,404,0,20,0,"Diversificado",50,1,0,0,2500,1,1,2022
"89",1,565,1,20,0,"Diversificado",0,0,0,0,0,1,1,2022
"90",0,1401,1,20,0,"Diversificado",0,0,0,0,0,1,1,2022
"91",1,392,1,20,0,"Diversificado",24,1,0,1,0,1,1,2022
"92",1,881,0,20,0,"Diversificado",20,1,0,1,700,1,1,2022
"93",1,881,0,20,0,"Diversificado",72,1,0,0,3200,1,1,2022
"94",1,881,1,20,0,"Diversificado",0,0,0,0,0,1,1,2022
"95",0,1701,1,20,0,"Diversificado",0,0,0,0,0,1,1,2022
"96",0,1701,1,20,0,"Diversificado",44,1,0,0,1600,1,1,2022
"97",1,585,1,20,0,"Superior",28,1,0,1,0,1,1,2022
"98",1,585,1,20,0,"Superior",45,1,0,0,3000,1,1,2022
"99",0,843,1,20,0,"Diversificado",24,1,0,0,1600,1,1,2022
"100",1,558,1,20,0,"Diversificado",0,1,0,0,0,1,1,2022
"101",1,527,0,20,0,"Diversificado",54,1,0,0,3200,1,1,2022
"102",1,327,1,20,0,"Superior",0,0,0,0,0,1,1,2022
"103",0,1312,1,20,1,"Diversificado",0,1,0,0,0,1,1,2022
"104",1,823,1,20,1,"Diversificado",0,0,0,0,0,1,1,2022
"105",0,745,1,20,0,"Diversificado",0,0,0,0,0,1,1,2022
"106",1,657,1,20,0,"Diversificado",6,1,0,1,500,1,1,2022
"107",1,657,0,20,1,"Diversificado",18,1,0,1,400,1,1,2022
"108",0,1617,0,20,0,"Diversificado",45,1,0,1,2300,1,1,2022
"109",0,1858,1,20,0,"Diversificado",0,1,0,0,0,1,1,2022
"110",0,1858,1,20,0,"Diversificado",0,0,0,0,0,1,1,2022
"111",1,1003,1,20,1,"Superior",0,0,0,0,0,1,1,2022
"112",0,1343,1,20,1,"Diversificado",40,1,0,1,3500,1,1,2022
"113",0,988,1,20,1,"Diversificado",0,0,0,0,0,1,1,2022
"114",1,436,1,20,1,"Diversificado",0,0,0,0,0,1,1,2022
"115",0,1548,1,20,1,"Superior",0,0,0,0,0,1,1,2022
"116",0,1548,0,20,1,"Diversificado",60,1,0,0,2800,1,1,2022
"117",1,521,1,20,1,"Diversificado",0,0,0,0,0,1,1,2022
"118",1,411,1,20,1,"Diversificado",8,1,0,1,0,1,1,2022
"119",1,217,1,20,1,"Diversificado",0,0,0,0,0,1,1,2022
"120",1,1308,0,20,0,"Diversificado",50,1,0,1,1000,1,1,2022
"121",1,424,0,20,0,"Superior",0,0,0,0,0,1,1,2022
"122",1,616,0,20,0,"Diversificado",0,0,0,0,0,1,1,2022
"123",1,1383,1,20,0,"Diversificado",0,0,0,0,0,1,1,2022
"124",1,441,1,20,1,"Superior",40,1,0,0,1500,1,1,2022
"125",1,678,1,20,0,"Diversificado",0,0,0,0,0,1,1,2022
"126",0,939,1,20,1,"Diversificado",0,1,0,0,0,1,1,2022
"127",1,459,0,20,1,"Diversificado",6,1,0,1,0,1,1,2022
"128",0,2549,1,20,1,"Superior",40,1,0,1,1050,1,1,2022
"129",0,575,0,20,1,"Diversificado",48,1,0,1,1500,1,1,2022
"130",1,740,1,20,1,"Diversificado",0,0,0,0,0,1,1,2022
"131",1,740,1,20,0,"Superior",0,0,0,0,0,1,1,2022
"132",1,764,1,20,0,"Diversificado",72,1,0,0,2200,1,1,2022
"133",1,679,0,20,1,"Diversificado",63,1,0,0,3000,1,1,2022
"134",1,370,0,20,1,"Diversificado",45,1,0,1,1800,1,1,2022
"135",0,842,1,20,0,"Diversificado",3,1,0,1,1500,1,1,2022
"136",0,1734,1,20,0,"Diversificado",48,1,0,0,2800,1,1,2022
"137",0,1561,1,20,0,"Superior",0,0,0,0,0,1,1,2022
"138",1,368,0,20,0,"Diversificado",0,0,0,0,0,1,1,2022
"139",1,525,1,20,0,"Diversificado",4,1,0,1,0,1,1,2022
"140",1,278,1,20,1,"Superior",0,0,0,0,0,1,1,2022
"141",0,1636,1,20,0,"Diversificado",0,0,0,0,0,1,1,2022
"142",0,2513,0,20,0,"Diversificado",15,1,0,1,0,1,1,2022
"143",1,702,1,20,1,"Diversificado",0,0,0,0,0,1,1,2022
"144",1,444,1,20,0,"Diversificado",0,0,0,0,0,1,1,2022
"145",1,730,1,20,0,"Diversificado",0,0,0,0,0,1,1,2022
"146",0,5846,0,20,0,"Diversificado",0,1,0,0,0,1,1,2022
"147",1,1290,0,20,0,"Diversificado",5,1,0,1,0,1,1,2022
"148",1,827,1,20,0,"Diversificado",0,0,0,0,0,1,1,2022
"149",0,1266,1,20,0,"Diversificado",0,0,0,0,0,1,1,2022
"150",1,606,1,20,1,"Diversificado",40,1,0,1,1500,1,1,2022
"151",1,489,1,20,0,"Diversificado",0,0,0,0,0,1,1,2022
"152",1,584,1,20,1,"Diversificado",20,1,0,1,0,1,1,2022
"153",0,893,0,20,1,"Diversificado",40,1,0,1,3000,1,1,2022
"154",1,920,1,20,1,"Diversificado",0,1,0,0,0,1,1,2022
"155",0,1572,1,20,1,"Diversificado",0,1,0,0,0,1,1,2022
"156",0,1136,1,20,1,"Diversificado",0,0,0,0,0,1,1,2022
"157",0,1075,0,20,1,"Diversificado",40,1,0,1,1500,1,1,2022
"158",1,641,1,20,0,"Superior",8,1,0,1,800,1,1,2022
"159",0,1086,0,20,1,"Diversificado",48,1,0,1,1200,1,1,2022
"160",0,1248,0,20,1,"Diversificado",50,1,0,1,0,1,1,2022
"161",1,484,0,20,0,"Superior",0,1,0,0,0,1,1,2022
"162",1,895,1,20,1,"Superior",0,0,0,0,0,1,1,2022
"163",1,399,0,20,1,"Diversificado",0,0,0,0,0,1,1,2022
"164",1,399,0,20,1,"Superior",4,1,0,1,0,1,1,2022
"165",1,680,0,20,1,"Diversificado",72,1,0,0,2000,1,1,2022
"166",1,453,1,20,0,"Diversificado",8,1,0,1,700,1,1,2022
"167",1,453,0,20,0,"Diversificado",50,1,0,0,3000,1,1,2022
"168",1,456,1,20,0,"Diversificado",0,0,0,0,0,1,1,2022
"169",1,456,1,20,0,"Diversificado",0,0,0,0,0,1,1,2022
"170",1,398,1,20,0,"Diversificado",45,1,0,1,0,1,1,2022
"171",1,831,0,20,0,"Diversificado",11,1,0,1,0,1,1,2022
"172",0,1410,1,20,0,"Diversificado",0,0,0,0,0,1,1,2022
"173",0,854,1,20,1,"Diversificado",27,1,0,1,800,1,1,2022
"174",0,1234,0,20,1,"Diversificado",36,1,0,1,1200,1,1,2022
"175",0,1077,0,20,0,"Diversificado",0,1,0,0,0,1,1,2022
"176",1,458,0,20,0,"Diversificado",0,0,0,0,0,1,1,2022
"177",1,643,0,20,0,"Diversificado",0,0,0,0,0,1,1,2022
"178",1,506,1,20,0,"Diversificado",0,0,0,0,0,1,1,2022
"179",1,506,0,20,0,"Diversificado",25,1,0,1,0,1,1,2022
"180",1,290,0,20,0,"Superior",0,0,0,0,0,1,1,2022
"181",0,1411,0,20,1,"Diversificado",0,0,0,0,0,1,1,2022
"182",0,1353,1,20,0,"Superior",0,0,0,0,0,1,1,2022
