"","urban","weight","woman","age","indigenous","educ_level","hours","active","occupied","informal","ingreso","post","treatment","year"
"1",1,510,1,22,0,"Diversificado",50,1,1,0,3000,1,0,2023
"2",1,1792,0,22,0,"Diversificado",40,1,1,0,3600,1,0,2023
"3",1,725,1,22,0,"Diversificado",42,1,1,0,3200,1,0,2023
"4",1,800,1,22,0,"Diversificado",0,0,0,0,0,1,0,2023
"5",0,1459,0,22,0,"Diversificado",47,1,1,0,2400,1,0,2023
"6",0,443,1,22,0,"Diversificado",35,1,1,1,0,1,0,2023
"7",1,1833,1,22,0,"Diversificado",0,1,0,0,0,1,0,2023
"8",1,973,1,22,0,"Diversificado",0,1,0,0,0,1,0,2023
"9",1,66,1,22,0,"Diversificado",0,0,0,0,0,1,0,2023
"10",0,116,0,22,0,"Diversificado",4,1,1,1,0,1,0,2023
"11",0,116,1,22,0,"Diversificado",0,0,0,0,0,1,0,2023
"12",1,72,1,22,0,"Diversificado",68,1,1,1,1650,1,0,2023
"13",1,72,0,22,0,"Diversificado",68,1,1,0,5427,1,0,2023
"14",1,135,1,22,0,"Diversificado",0,0,0,0,0,1,0,2023
"15",1,352,0,22,0,"Diversificado",16,1,1,1,1200,1,0,2023
"16",1,192,1,22,0,"Diversificado",56,1,1,1,3000,1,0,2023
"17",1,121,1,22,0,"Diversificado",4,1,1,1,1200,1,0,2023
"18",0,103,0,22,1,"Diversificado",48,1,1,1,1200,1,0,2023
"19",1,128,0,22,1,"Diversificado",54,1,1,0,1470,1,0,2023
"20",1,171,1,22,0,"Diversificado",56,1,1,0,2300,1,0,2023
"21",1,246,1,22,0,"Diversificado",0,1,0,0,0,1,0,2023
"22",1,106,0,22,0,"Diversificado",0,0,0,0,0,1,0,2023
"23",0,377,1,22,1,"Diversificado",20,1,1,1,200,1,0,2023
"24",1,181,0,22,0,"Diversificado",8,1,1,0,4020,1,0,2023
"25",1,181,1,22,0,"Diversificado",0,1,0,0,0,1,0,2023
"26",1,259,1,22,0,"Universitario",0,1,0,0,0,1,0,2023
"27",1,259,1,22,0,"Diversificado",0,0,0,0,0,1,0,2023
"28",1,260,0,22,0,"Universitario",30,1,1,1,1300,1,0,2023
"29",1,260,1,22,0,"Diversificado",0,0,0,0,0,1,0,2023
"30",0,377,1,22,0,"Diversificado",17,1,1,1,0,1,0,2023
"31",0,377,1,22,0,"Diversificado",0,0,0,0,0,1,0,2023
"32",0,267,0,22,1,"Diversificado",6,1,1,1,300,1,0,2023
"33",1,402,0,22,1,"Diversificado",0,0,0,0,0,1,0,2023
"34",0,285,1,22,1,"Diversificado",0,0,0,0,0,1,0,2023
"35",1,337,0,22,0,"Diversificado",40,1,1,1,2800,1,0,2023
"36",1,337,0,22,1,"Diversificado",0,0,0,0,0,1,0,2023
"37",1,375,0,22,0,"Diversificado",16,1,1,1,0,1,0,2023
"38",1,770,1,22,1,"Diversificado",0,0,0,0,0,1,0,2023
"39",0,628,1,22,0,"Diversificado",60,1,1,1,1400,1,0,2023
"40",0,628,0,22,0,"Diversificado",0,0,0,0,0,1,0,2023
"41",0,199,0,22,1,"Diversificado",60,1,1,0,2820,1,0,2023
"42",1,392,1,22,0,"Diversificado",36,1,1,1,2800,1,0,2023
"43",1,392,1,22,0,"Diversificado",8,1,1,0,3000,1,0,2023
"44",0,309,0,22,0,"Diversificado",72,1,1,0,5000,1,0,2023
"45",1,1053,0,22,0,"Diversificado",60,1,1,1,2180,1,0,2023
"46",0,1452,0,22,1,"Diversificado",40,1,1,1,2500,1,0,2023
"47",1,143,1,22,0,"Diversificado",9,1,1,1,1800,1,0,2023
"48",1,247,1,22,1,"Diversificado",72,1,1,1,0,1,0,2023
"49",1,247,1,22,1,"Diversificado",72,1,1,1,800,1,0,2023
"50",0,206,0,22,1,"Diversificado",84,1,1,0,2500,1,0,2023
"51",0,314,1,22,1,"Diversificado",30,1,1,1,0,1,0,2023
"52",1,194,0,22,1,"Diversificado",45,1,1,0,3000,1,0,2023
"53",1,622,1,22,1,"Diversificado",42,1,1,1,0,1,0,2023
"54",1,610,1,22,0,"Diversificado",48,1,1,0,3800,1,0,2023
"55",1,610,1,22,0,"Diversificado",0,0,0,0,0,1,0,2023
"56",0,238,1,22,0,"Diversificado",11,1,1,0,1500,1,0,2023
"57",1,286,0,22,0,"Diversificado",66,1,1,0,4200,1,0,2023
"58",0,109,1,22,0,"Diversificado",0,0,0,0,0,1,0,2023
"59",0,109,1,22,0,"Universitario",70,1,1,1,1000,1,0,2023
"60",1,129,0,22,0,"Diversificado",8,1,1,0,4000,1,0,2023
"61",1,163,1,22,0,"Diversificado",0,0,0,0,0,1,0,2023
"62",1,163,0,22,0,"Diversificado",54,1,1,1,4000,1,0,2023
"63",1,173,0,22,0,"Diversificado",56,1,1,1,2000,1,0,2023
"64",1,173,0,22,0,"Diversificado",0,0,0,0,0,1,0,2023
"65",1,173,1,22,0,"Diversificado",50,1,1,0,1000,1,0,2023
"66",1,314,1,22,0,"Diversificado",0,0,0,0,0,1,0,2023
"67",0,444,0,22,0,"Diversificado",60,1,1,0,1920,1,0,2023
"68",1,193,0,22,0,"Diversificado",98,1,1,1,340,1,0,2023
"69",1,193,0,22,0,"Universitario",20,1,1,0,0,1,0,2023
"70",1,1903,0,22,0,"Diversificado",64,1,1,1,3800,1,0,2023
"71",1,1081,0,22,0,"Diversificado",48,1,1,0,3440,1,0,2023
"72",1,759,1,22,0,"Diversificado",0,1,0,0,0,1,0,2023
"73",1,689,1,22,0,"Diversificado",0,0,0,0,0,1,0,2023
"74",1,689,1,22,0,"Universitario",36,1,1,0,4500,1,0,2023
"75",1,1001,1,22,1,"Diversificado",72,1,1,1,2000,1,0,2023
"76",1,845,1,22,0,"Diversificado",13,1,1,1,2000,1,0,2023
"77",1,1155,1,22,0,"Diversificado",24,1,1,1,0,1,0,2023
"78",1,741,0,22,0,"Diversificado",40,1,1,1,2000,1,0,2023
"79",1,1052,1,22,0,"Diversificado",0,0,0,0,0,1,0,2023
"80",1,145,1,22,0,"Universitario",48,1,1,0,2800,1,0,2023
"81",0,66,0,22,0,"Diversificado",46,1,1,1,2000,1,0,2023
"82",0,67,0,22,0,"Diversificado",0,0,0,0,0,1,0,2023
"83",0,83,1,22,0,"Diversificado",21,1,1,1,0,1,0,2023
"84",1,102,0,22,0,"Diversificado",0,0,0,0,0,1,0,2023
"85",0,108,1,22,0,"Diversificado",0,0,0,0,0,1,0,2023
"86",1,257,0,22,1,"Diversificado",30,1,1,0,1530,1,0,2023
"87",1,155,1,22,0,"Diversificado",30,1,1,1,0,1,0,2023
"88",1,155,0,22,0,"Diversificado",55,1,1,0,3200,1,0,2023
"89",1,101,0,22,0,"Diversificado",70,1,1,0,2800,1,0,2023
"90",1,273,0,22,1,"Diversificado",0,0,0,0,0,1,0,2023
"91",1,178,1,22,0,"Diversificado",0,0,0,0,0,1,0,2023
"92",0,277,0,22,0,"Diversificado",72,1,1,1,1200,1,0,2023
"93",0,261,0,22,0,"Diversificado",40,1,1,0,2000,1,0,2023
"94",0,261,0,22,0,"Diversificado",48,1,1,0,2500,1,0,2023
"95",1,497,0,22,0,"Diversificado",72,1,1,0,3125,1,0,2023
"96",1,511,1,22,0,"Diversificado",0,0,0,0,0,1,0,2023
"97",0,159,1,22,0,"Universitario",0,0,0,0,0,1,0,2023
"98",0,414,0,22,1,"Diversificado",35,1,1,1,0,1,0,2023
"99",0,414,1,22,1,"Diversificado",0,0,0,0,0,1,0,2023
"100",1,329,0,22,1,"Diversificado",8,1,1,0,3000,1,0,2023
"101",1,375,0,22,1,"Diversificado",0,0,0,0,0,1,0,2023
"102",1,375,0,22,0,"Universitario",40,1,1,0,2000,1,0,2023
"103",1,372,1,22,0,"Diversificado",20,1,1,0,700,1,0,2023
"104",1,334,1,22,1,"Diversificado",48,1,1,0,3800,1,0,2023
"105",0,618,0,22,0,"Diversificado",0,0,0,0,0,1,0,2023
"106",1,235,0,22,0,"Diversificado",0,0,0,0,0,1,0,2023
"107",1,260,0,22,0,"Diversificado",8,1,1,0,3000,1,0,2023
"108",0,265,1,22,0,"Diversificado",0,0,0,0,0,1,0,2023
"109",1,340,1,22,0,"Diversificado",86,1,1,0,2100,1,0,2023
"110",1,350,0,22,0,"Diversificado",54,1,1,0,3652,1,0,2023
"111",0,163,0,22,0,"Diversificado",44,1,1,1,1250,1,0,2023
"112",0,264,1,22,0,"Universitario",25,1,1,0,1500,1,0,2023
"113",1,240,1,22,0,"Diversificado",0,0,0,0,0,1,0,2023
"114",0,148,0,22,0,"Diversificado",70,1,1,1,900,1,0,2023
"115",0,148,0,22,0,"Diversificado",78,1,1,1,1400,1,0,2023
"116",1,141,1,22,0,"Diversificado",0,0,0,0,0,1,0,2023
"117",1,446,0,22,0,"Diversificado",50,1,1,0,8000,1,0,2023
"118",0,708,0,22,0,"Diversificado",0,0,0,0,0,1,0,2023
"119",1,562,1,22,0,"Diversificado",42,1,1,0,2000,1,0,2023
"120",1,562,1,22,0,"Diversificado",0,0,0,0,0,1,0,2023
"121",0,827,0,22,0,"Diversificado",8,1,1,1,1500,1,0,2023
"122",0,827,1,22,0,"Diversificado",0,0,0,0,0,1,0,2023
"123",0,827,0,22,0,"Diversificado",0,0,0,0,0,1,0,2023
"124",1,648,0,22,0,"Diversificado",40,1,1,0,2800,1,0,2023
"125",1,648,1,22,0,"Diversificado",25,1,1,1,1000,1,0,2023
"126",1,1309,0,22,0,"Diversificado",48,1,1,1,2000,1,0,2023
"127",1,884,1,22,1,"Diversificado",0,0,0,0,0,1,0,2023
"128",1,437,0,22,1,"Diversificado",25,1,1,1,2500,1,0,2023
"129",1,437,1,22,1,"Universitario",0,0,0,0,0,1,0,2023
"130",1,454,0,22,1,"Universitario",45,1,1,0,3000,1,0,2023
"131",0,584,0,22,1,"Diversificado",48,1,1,1,0,1,0,2023
"132",0,424,0,22,1,"Diversificado",0,0,0,0,0,1,0,2023
"133",1,999,0,22,1,"Diversificado",8,1,1,0,6000,1,0,2023
"134",1,187,1,22,1,"Diversificado",20,1,1,1,0,1,0,2023
"135",1,163,1,22,0,"Diversificado",3,1,1,1,0,1,0,2023
"136",0,449,0,22,0,"Diversificado",77,1,1,1,0,1,0,2023
"137",0,382,1,22,0,"Diversificado",0,0,0,0,0,1,0,2023
"138",0,319,1,22,0,"Diversificado",35,1,1,1,0,1,0,2023
"139",1,232,1,22,0,"Diversificado",8,1,1,0,3200,1,0,2023
"140",1,106,0,22,0,"Diversificado",84,1,1,0,4900,1,0,2023
"141",1,106,1,22,0,"Diversificado",36,1,1,0,4200,1,0,2023
"142",1,377,1,22,0,"Universitario",40,1,1,0,3700,1,0,2023
"143",0,458,0,22,0,"Universitario",25,1,1,0,2000,1,0,2023
"144",1,161,1,22,0,"Diversificado",48,1,1,1,0,1,0,2023
"145",0,163,0,22,0,"Diversificado",60,1,1,0,2900,1,0,2023
"146",0,163,0,22,0,"Diversificado",52,1,1,0,2600,1,0,2023
"147",0,112,1,22,0,"Diversificado",0,0,0,0,0,1,0,2023
"148",0,112,1,22,0,"Diversificado",20,1,1,0,1000,1,0,2023
"149",1,674,0,22,0,"Diversificado",48,1,1,0,2500,1,0,2023
"150",0,267,1,22,0,"Diversificado",7,1,1,1,0,1,0,2023
"151",1,455,0,22,0,"Diversificado",66,1,1,0,4000,1,0,2023
"152",0,564,1,22,0,"Diversificado",0,0,0,0,0,1,0,2023
"153",1,616,0,22,0,"Universitario",44,1,1,1,2100,1,0,2023
"154",0,458,1,22,0,"Diversificado",0,0,0,0,0,1,0,2023
"155",1,220,1,22,0,"Diversificado",0,0,0,0,0,1,0,2023
"156",1,699,0,22,0,"Diversificado",20,1,1,0,10000,1,0,2023
"157",1,768,1,22,0,"Universitario",40,1,1,0,3400,1,0,2023
"158",1,1007,1,22,0,"Universitario",0,0,0,0,0,1,0,2023
"159",1,1561,1,22,0,"Diversificado",0,0,0,0,0,1,0,2023
"160",1,1132,1,22,0,"Diversificado",0,0,0,0,0,1,0,2023
"161",0,1092,0,22,0,"Diversificado",44,1,1,0,3400,1,0,2023
"162",1,625,0,22,0,"Diversificado",8,1,1,0,1800,1,0,2023
"163",1,739,1,22,0,"Diversificado",0,1,0,0,0,1,0,2023
"164",1,1165,1,22,0,"Diversificado",91,1,1,1,1000,1,0,2023
"165",0,91,1,22,0,"Diversificado",0,0,0,0,0,1,0,2023
"166",1,142,1,22,0,"Diversificado",7,1,1,1,2400,1,0,2023
"167",0,81,1,22,0,"Diversificado",51,1,1,0,3078,1,0,2023
"168",1,81,1,22,0,"Diversificado",0,0,0,0,0,1,0,2023
"169",1,81,1,22,0,"Diversificado",60,1,1,1,800,1,0,2023
"170",1,239,0,22,0,"Universitario",0,0,0,0,0,1,0,2023
"171",1,170,0,22,0,"Diversificado",40,1,1,0,3300,1,0,2023
"172",1,205,0,22,0,"Universitario",0,0,0,0,0,1,0,2023
"173",1,187,1,22,0,"Diversificado",10,1,1,1,800,1,0,2023
"174",1,301,0,22,0,"Diversificado",55,1,1,0,3500,1,0,2023
"175",1,171,0,22,1,"Diversificado",60,1,1,0,2400,1,0,2023
"176",0,257,1,22,1,"Diversificado",21,1,1,1,750,1,0,2023
"177",1,185,0,22,0,"Universitario",56,1,1,0,3800,1,0,2023
"178",1,252,1,22,0,"Diversificado",0,0,0,0,0,1,0,2023
"179",0,261,1,22,0,"Diversificado",40,1,1,1,800,1,0,2023
"180",1,218,0,22,1,"Diversificado",60,1,1,1,480,1,0,2023
"181",1,218,0,22,0,"Diversificado",60,1,1,1,1920,1,0,2023
"182",1,198,0,22,1,"Diversificado",56,1,1,0,5000,1,0,2023
"183",1,475,0,22,0,"Diversificado",0,0,0,0,0,1,0,2023
"184",1,296,1,22,0,"Universitario",48,1,1,0,2000,1,0,2023
"185",1,104,0,22,0,"Diversificado",45,1,1,0,2000,1,0,2023
"186",1,186,1,22,1,"Diversificado",25,1,1,1,870,1,0,2023
"187",0,340,0,22,0,"Diversificado",49,1,1,1,3000,1,0,2023
"188",1,91,0,22,0,"Universitario",35,1,1,1,0,1,0,2023
"189",1,235,0,22,0,"Diversificado",60,1,1,1,4030,1,0,2023
"190",0,273,0,22,0,"Diversificado",77,1,1,0,2600,1,0,2023
"191",1,216,0,22,0,"Diversificado",61,1,1,0,2600,1,0,2023
"192",1,1199,1,22,0,"Diversificado",0,0,0,0,0,1,0,2023
"193",1,1199,1,22,0,"Diversificado",0,0,0,0,0,1,0,2023
"194",1,403,1,22,0,"Diversificado",0,0,0,0,0,1,0,2023
"195",1,925,0,22,1,"Diversificado",8,1,1,1,0,1,0,2023
"196",0,866,0,22,1,"Diversificado",40,1,1,1,1500,1,0,2023
"197",0,866,1,22,1,"Diversificado",0,0,0,0,0,1,0,2023
"198",1,166,0,22,1,"Diversificado",46,1,1,1,2500,1,0,2023
"199",1,305,1,22,0,"Diversificado",0,0,0,0,0,1,0,2023
"200",0,454,0,22,1,"Diversificado",90,1,1,0,2600,1,0,2023
"201",0,498,0,22,1,"Diversificado",56,1,1,0,5800,1,0,2023
"202",1,379,0,22,1,"Diversificado",0,0,0,0,0,1,0,2023
"203",0,436,0,22,1,"Diversificado",30,1,1,1,0,1,0,2023
"204",1,239,1,22,0,"Universitario",60,1,1,0,0,1,0,2023
"205",0,214,1,22,0,"Diversificado",14,1,1,1,4000,1,0,2023
"206",1,164,0,22,0,"Diversificado",8,1,1,0,3800,1,0,2023
"207",1,210,0,22,0,"Diversificado",0,0,0,0,0,1,0,2023
"208",1,270,0,22,0,"Diversificado",0,0,0,0,0,1,0,2023
"209",1,130,0,22,1,"Diversificado",70,1,1,0,3000,1,0,2023
"210",1,327,1,22,0,"Diversificado",28,1,1,0,1500,1,0,2023
"211",1,327,0,22,0,"Diversificado",48,1,1,0,3200,1,0,2023
"212",1,162,0,22,0,"Universitario",48,1,1,1,3200,1,0,2023
"213",0,88,0,22,0,"Diversificado",48,1,1,0,3700,1,0,2023
"214",1,112,1,22,0,"Diversificado",40,1,1,0,2500,1,0,2023
"215",0,176,1,22,0,"Diversificado",0,1,0,0,0,1,0,2023
"216",0,112,1,22,0,"Diversificado",20,1,1,1,0,1,0,2023
"217",0,112,1,22,0,"Diversificado",0,0,0,0,0,1,0,2023
"218",0,188,1,22,0,"Diversificado",0,0,0,0,0,1,0,2023
"219",0,175,0,22,0,"Diversificado",0,0,0,0,0,1,0,2023
"220",1,277,1,22,0,"Universitario",0,0,0,0,0,1,0,2023
"221",1,284,0,22,0,"Diversificado",96,1,1,0,2000,1,0,2023
"222",0,165,1,22,0,"Diversificado",0,0,0,0,0,1,0,2023
"223",1,315,1,22,0,"Diversificado",48,1,1,1,0,1,0,2023
"224",1,171,0,22,0,"Diversificado",0,0,0,0,0,1,0,2023
"225",1,215,0,22,0,"Diversificado",42,1,1,0,3100,1,0,2023
"226",1,243,1,22,0,"Diversificado",0,0,0,0,0,1,0,2023
"227",0,206,0,22,0,"Diversificado",54,1,1,1,2000,1,0,2023
"228",0,148,0,22,0,"Diversificado",48,1,1,1,2400,1,0,2023
"229",1,238,0,22,0,"Diversificado",66,1,1,1,1600,1,0,2023
"230",1,238,0,22,0,"Diversificado",10,1,1,0,3200,1,0,2023
"231",0,289,1,22,1,"Diversificado",0,0,0,0,0,1,0,2023
"232",0,221,0,22,0,"Diversificado",0,0,0,0,0,1,0,2023
"233",1,1645,0,22,0,"Universitario",5,1,1,1,640,1,0,2023
"234",1,1645,0,22,0,"Diversificado",8,1,1,0,3250,1,0,2023
"235",1,1645,0,22,0,"Universitario",44,1,1,0,4000,1,0,2023
"236",1,691,0,22,0,"Universitario",42,1,1,0,3953,1,0,2023
"237",1,737,1,22,0,"Diversificado",50,1,1,0,3740,1,0,2023
"238",1,760,0,22,0,"Diversificado",44,1,1,0,3200,1,0,2023
"239",1,60,1,22,0,"Universitario",40,1,1,0,2800,1,0,2023
"240",1,93,0,22,0,"Diversificado",45,1,1,1,3700,1,0,2023
"241",1,126,0,22,0,"Diversificado",0,0,0,0,0,1,0,2023
"242",0,101,1,22,0,"Diversificado",0,0,0,0,0,1,0,2023
"243",1,126,0,22,0,"Diversificado",0,1,0,0,0,1,0,2023
"244",0,91,0,22,0,"Diversificado",42,1,1,0,3200,1,0,2023
"245",1,179,1,22,0,"Diversificado",48,1,1,0,3180,1,0,2023
"246",1,138,1,22,0,"Diversificado",35,1,1,0,2000,1,0,2023
"247",1,194,0,22,1,"Diversificado",56,1,1,1,0,1,0,2023
"248",1,151,1,22,1,"Diversificado",45,1,1,0,1600,1,0,2023
"249",1,87,0,22,1,"Diversificado",0,0,0,0,0,1,0,2023
"250",1,134,0,22,1,"Universitario",84,1,1,0,3000,1,0,2023
"251",1,134,0,22,0,"Diversificado",63,1,1,0,4200,1,0,2023
"252",1,381,1,22,0,"Diversificado",42,1,1,0,3200,1,0,2023
"253",1,356,0,22,0,"Diversificado",56,1,1,0,2580,1,0,2023
"254",1,370,0,22,0,"Diversificado",0,0,0,0,0,1,0,2023
"255",0,135,0,22,0,"Diversificado",96,1,1,1,3000,1,0,2023
"256",1,273,1,22,0,"Diversificado",48,1,1,0,3500,1,0,2023
"257",1,249,1,22,0,"Diversificado",63,1,1,1,890,1,0,2023
"258",1,249,0,22,0,"Diversificado",48,1,1,0,4000,1,0,2023
"259",1,121,0,22,0,"Universitario",0,1,0,0,0,1,0,2023
"260",1,152,0,22,0,"Diversificado",10,1,1,1,2500,1,0,2023
"261",0,163,0,22,0,"Diversificado",90,1,1,0,3000,1,0,2023
"262",1,436,1,22,0,"Diversificado",15,1,1,1,0,1,0,2023
"263",1,320,1,22,0,"Diversificado",0,0,0,0,0,1,0,2023
"264",1,328,1,22,1,"Diversificado",56,1,1,1,2000,1,0,2023
"265",0,294,0,22,0,"Diversificado",42,1,1,1,1800,1,0,2023
"266",1,102,0,22,1,"Diversificado",42,1,1,1,2500,1,0,2023
"267",1,102,0,22,1,"Diversificado",48,1,1,1,3000,1,0,2023
"268",1,250,0,22,1,"Diversificado",50,1,1,1,1600,1,0,2023
"269",0,389,1,22,1,"Diversificado",0,0,0,0,0,1,0,2023
"270",0,389,0,22,1,"Diversificado",48,1,1,0,2000,1,0,2023
"271",0,158,1,22,1,"Diversificado",9,1,1,1,400,1,0,2023
"272",1,233,0,22,1,"Diversificado",72,1,1,0,2000,1,0,2023
"273",1,482,1,22,1,"Diversificado",60,1,1,1,0,1,0,2023
"274",1,177,1,22,1,"Universitario",0,0,0,0,0,1,0,2023
"275",1,177,0,22,1,"Diversificado",25,1,1,0,2000,1,0,2023
"276",1,195,1,22,1,"Diversificado",0,0,0,0,0,1,0,2023
"277",1,404,0,22,0,"Diversificado",45,1,1,1,2900,1,0,2023
"278",1,308,0,22,0,"Diversificado",0,0,0,0,0,1,0,2023
"279",0,309,1,22,0,"Diversificado",0,0,0,0,0,1,0,2023
"280",0,430,1,22,0,"Diversificado",0,0,0,0,0,1,0,2023
"281",1,200,0,22,0,"Diversificado",42,1,1,1,0,1,0,2023
"282",1,141,0,22,0,"Diversificado",0,0,0,0,0,1,0,2023
"283",1,141,1,22,0,"Diversificado",0,0,0,0,0,1,0,2023
"284",1,209,1,22,1,"Diversificado",0,0,0,0,0,1,0,2023
"285",0,201,0,22,0,"Diversificado",96,1,1,1,0,1,0,2023
"286",0,218,1,22,0,"Diversificado",0,0,0,0,0,1,0,2023
"287",1,181,0,22,0,"Diversificado",8,1,1,1,1400,1,0,2023
"288",1,150,0,22,0,"Diversificado",0,0,0,0,0,1,0,2023
"289",1,329,0,22,0,"Diversificado",0,0,0,0,0,1,0,2023
"290",0,554,1,22,0,"Diversificado",24,1,1,1,1200,1,0,2023
"291",1,551,0,22,0,"Diversificado",60,1,1,0,3600,1,0,2023
"292",1,251,1,22,0,"Diversificado",72,1,1,0,3974,1,0,2023
"293",1,139,0,22,0,"Diversificado",72,1,1,0,2200,1,0,2023
"294",0,456,0,22,1,"Diversificado",66,1,1,1,1500,1,0,2023
"295",0,412,1,22,1,"Diversificado",99,1,1,1,1000,1,0,2023
"296",1,410,1,22,1,"Diversificado",72,1,1,1,720,1,0,2023
"297",1,478,0,22,0,"Diversificado",84,1,1,0,3000,1,0,2023
"298",1,267,0,22,0,"Diversificado",40,1,1,0,3024,1,0,2023
"299",1,190,0,22,0,"Diversificado",40,1,1,0,4800,1,0,2023
"300",1,205,1,22,1,"Diversificado",84,1,1,0,2300,1,0,2023
"301",1,237,1,22,1,"Diversificado",0,0,0,0,0,1,0,2023
"302",1,305,0,22,0,"Diversificado",42,1,1,0,1500,1,0,2023
"303",0,833,1,22,0,"Diversificado",5,1,1,1,0,1,0,2023
"304",1,175,1,22,0,"Diversificado",0,0,0,0,0,1,0,2023
"305",1,159,1,22,0,"Diversificado",54,1,1,1,1200,1,0,2023
"306",1,159,1,22,0,"Diversificado",48,1,1,0,2000,1,0,2023
"307",1,130,0,22,0,"Diversificado",48,1,1,0,3376,1,0,2023
"308",0,92,1,22,0,"Diversificado",0,1,0,0,0,1,0,2023
"309",1,270,1,22,0,"Diversificado",35,1,1,0,3200,1,0,2023
"310",0,142,0,22,0,"Universitario",0,1,0,0,0,1,0,2023
"311",0,142,0,22,0,"Diversificado",48,1,1,0,2500,1,0,2023
"312",1,674,1,22,0,"Diversificado",0,0,0,0,0,1,0,2023
"313",1,195,0,22,0,"Diversificado",48,1,1,1,1800,1,0,2023
"314",0,322,1,22,0,"Diversificado",0,0,0,0,0,1,0,2023
"315",0,125,1,22,0,"Diversificado",0,0,0,0,0,1,0,2023
"316",1,356,1,22,0,"Diversificado",11,1,1,1,1000,1,0,2023
